{

    "metadata" :
    {
        "formatVersion" : 3.1,
        "sourceFile"    : "chair.obj",
        "generatedBy"   : "OBJConverter",
        "vertices"      : 72,
        "faces"         : 132,
        "normals"       : 396,
        "colors"        : 0,
        "uvs"           : 156,
        "materials"     : 1
    },

    "scale" : 1.000000,

    "materials": [	{
	"DbgColor" : 15658734,
	"DbgIndex" : 0,
	"DbgName" : "chair:lambert3SG",
	"colorAmbient" : [0.5, 0.5, 0.5],
	"colorDiffuse" : [0.5, 0.5, 0.5],
	"mapDiffuse" : "Wood.jpg",
	"illumination" : 4,
	"opticalDensity" : 1.0
	}],

    "vertices": [-0.731664,0.009866,1.141384,-0.731329,0.009866,0.814040,-0.731664,2.332723,1.141384,-0.731329,2.332723,0.814040,-1.059007,2.332723,1.141048,-1.058672,2.332723,0.813704,-1.059007,0.009866,1.141048,-1.058672,0.009866,0.813704,-0.729821,0.009866,-0.655702,-0.729485,0.009866,-0.983045,-0.729821,2.332723,-0.655702,-0.729485,2.332723,-0.983045,-1.057164,2.332723,-0.656038,-1.056828,2.332723,-0.983381,-1.057164,0.009866,-0.656038,-1.056828,0.009866,-0.983381,1.064904,0.069252,1.144449,1.065240,0.069252,0.817106,1.064904,2.392109,1.144449,1.065240,2.392109,0.817106,0.737561,2.392109,1.144113,0.737897,2.392109,0.816770,0.737561,0.069252,1.144113,0.737897,0.069252,0.816770,1.066752,0.069252,-0.656243,1.067087,0.069252,-0.983586,1.066752,2.392109,-0.656243,1.067087,2.392109,-0.983586,0.739409,2.392109,-0.656578,0.739744,2.392109,-0.983921,0.739409,0.069252,-0.656578,0.739744,0.069252,-0.983921,1.065421,2.332723,1.143227,1.067601,2.332723,-0.981202,1.065421,2.630394,1.143227,1.067601,2.630394,-0.981202,-1.059007,2.630394,1.141048,-1.056828,2.630394,-0.983381,-1.059007,2.332723,1.141048,-1.056828,2.332723,-0.983381,-0.760788,5.335827,-0.544084,-1.058460,5.335827,-0.544390,-1.057520,3.056119,-0.544389,-0.759847,3.056119,-0.544083,-1.057780,3.056119,-0.290319,-0.760108,3.056119,-0.290013,-1.058719,5.335827,-0.290320,-0.761047,5.335827,-0.290014,-0.761833,5.335827,0.474766,-1.059505,5.335827,0.474461,-1.058565,3.056119,0.474462,-0.760893,3.056119,0.474767,-1.058825,3.056119,0.728532,-0.761153,3.056119,0.728837,-1.059765,5.335827,0.728531,-0.762093,5.335827,0.728836,-0.761335,2.472619,1.141353,-0.762689,5.755185,1.141352,-1.060362,5.755062,1.141046,-1.059007,2.472497,1.141048,-0.760510,5.755185,-0.983077,-0.759156,2.472619,-0.983076,-1.056828,2.472497,-0.983381,-1.058181,5.755062,-0.983383,-0.761306,5.335827,-0.039376,-0.760365,3.056119,-0.039375,-0.760625,3.056119,0.214695,-0.761566,5.335827,0.214694,-1.058037,3.056119,-0.039680,-1.058978,5.335827,-0.039681,-1.059237,5.335827,0.214389,-1.058298,3.056119,0.214390],

    "morphTargets": [],

    "morphColors": [],

    "normals": [1,0,0.001026,1,0,0.001026,1,0,0.001026,1,0,0.001026,1,0,0.001026,1,0,0.001026,0,1,0,0,1,0,0,1,0,0,1,0,0,1,0,0,1,0,-1,0,-0.001026,-1,0,-0.001026,-1,0,-0.001026,-1,0,-0.001026,-1,0,-0.001026,-1,0,-0.001026,0,-1,0,0,-1,0,0,-1,0,0,-1,0,0,-1,0,0,-1,0,0.001026,0,-1,0.001027,0,-1,0.001027,0,-1,0.001027,0,-1,0.001027,0,-1,0.001027,0,-1,-0.001025,0,1,-0.001026,0,1,-0.001026,0,1,-0.001026,0,1,-0.001026,0,1,-0.001027,0,1,1,0,0.001026,1,0,0.001026,1,0,0.001026,1,0,0.001026,1,0,0.001026,1,0,0.001026,0,1,0,0,1,0,0,1,0,0,1,0,0,1,0,0,1,0,-1,0,-0.001026,-1,0,-0.001026,-1,0,-0.001026,-1,0,-0.001026,-1,0,-0.001026,-1,0,-0.001026,0,-1,0,0,-1,0,0,-1,0,0,-1,0,0,-1,0,0,-1,0,0.001023,0,-1,0.001025,0,-1,0.001025,0,-1,0.001025,0,-1,0.001025,0,-1,0.001026,0,-1,-0.001026,0,1,-0.001026,0,1,-0.001026,0,1,-0.001026,0,1,-0.001026,0,1,-0.001026,0,1,1,0,0.001026,1,0,0.001026,1,0,0.001026,1,0,0.001026,1,0,0.001026,1,0,0.001026,0,1,0,0,1,0,0,1,0,0,1,0,0,1,0,0,1,0,-1,0,-0.001026,-1,0,-0.001026,-1,0,-0.001026,-1,0,-0.001026,-1,0,-0.001026,-1,0,-0.001026,0,-1,0,0,-1,0,0,-1,0,0,-1,0,0,-1,0,0,-1,0,0.001027,0,-1,0.001027,0,-1,0.001027,0,-1,0.001027,0,-1,0.001027,0,-1,0.001026,0,-1,-0.001027,0,1,-0.001027,0,1,-0.001027,0,1,-0.001027,0,1,-0.001027,0,1,-0.001026,0,1,1,0,0.001026,1,0,0.001026,1,0,0.001026,1,0,0.001026,1,0,0.001026,1,0,0.001026,0,1,0,0,1,0,0,1,0,0,1,0,0,1,0,0,1,0,-1,0,-0.001026,-1,0,-0.001026,-1,0,-0.001026,-1,0,-0.001026,-1,0,-0.001026,-1,0,-0.001026,0,-1,0,0,-1,0,0,-1,0,0,-1,0,0,-1,0,0,-1,0,0.001026,0,-1,0.001026,0,-1,0.001026,0,-1,0.001026,0,-1,0.001026,0,-1,0.001026,0,-1,-0.001026,0,1,-0.001026,0,1,-0.001026,0,1,-0.001026,0,1,-0.001026,0,1,-0.001026,0,1,1,0,0.001026,1,0,0.001026,1,0,0.001026,1,0,0.001026,1,0,0.001026,1,0,0.001026,0,1,0,0,1,0,0,1,0,0,1,0,0,1,0,0,1,0,-1,0,-0.001026,-1,0,-0.001026,-1,0,-0.001026,-1,0,-0.001026,-1,0,-0.001026,-1,0,-0.001026,0,-1,0,0,-1,0,0,-1,0,0,-1,0,0,-1,0,0,-1,0,0.001025,0,-1,0.001026,0,-1,0.001026,0,-1,0.001026,0,-1,0.001026,0,-1,0.001026,0,-1,-0.001026,0,1,-0.001026,0,1,-0.001026,0,1,-0.001026,0,1,-0.001026,0,1,-0.001026,0,1,-0.001026,0,1,-0.001026,0,1,-0.001026,0,1,-0.001026,0,1,-0.001026,0,1,-0.001026,0,1,0,1,0,0,1,0,0,1,0,0,1,0,0,1,0,0,1,0,0.001026,0,-1,0.001026,0,-1,0.001026,0,-1,0.001026,0,-1,0.001026,0,-1,0.001026,0,-1,0,-1,1e-06,0,-1,-1e-06,0,-1,-1e-06,0,-1,-1e-06,0,-1,-1e-06,0,-1,-3e-06,-0.001026,0,1,-0.001026,0,1,-0.001026,0,1,-0.001026,0,1,-0.001026,0,1,-0.001026,0,1,0,1,0,0,1,0,0,1,0,0,1,0,0,1,0,0,1,0,0.001024,0,-1,0.001025,0,-1,0.001025,0,-1,0.001025,0,-1,0.001025,0,-1,0.001026,0,-1,0,-1,1e-06,0,-1,-1e-06,0,-1,-1e-06,0,-1,-1e-06,0,-1,-1e-06,0,-1,-3e-06,-0.001025,0,1,-0.001026,0,1,-0.001026,0,1,-0.001026,0,1,-0.001026,0,1,-0.001027,0,1,0.001027,0,-1,0.001025,0,-1,0.001025,0,-1,0.001025,0,-1,0.001025,0,-1,0.001023,0,-1,1,0.000413,0.001027,1,0.000411,0.001026,1,0.000412,0.001026,1,0.000411,0.001026,1,0.000406,0.001025,1,0.000412,0.001026,1,0.000412,0.001026,1,0.000406,0.001025,1,0.000413,0.001026,1,0.000406,0.001025,1,0.00041,0.001026,1,0.000413,0.001026,1,0.000413,0.001027,1,0.000412,0.001026,1,0.000411,0.001026,1,0.000411,0.001026,1,0.000412,0.001026,1,0.000411,0.001189,1,0.000412,0.001026,1,0.000413,0.001026,1,0.000413,0.001026,1,0.000413,0.001026,1,0.000413,0.001026,1,0.000408,0.001025,1,0.000413,0.001026,0.9488,-0.31588,0.001128,1,0.000412,0.001026,1,0.000412,0.001026,0.9488,-0.31588,0.001128,1,0.000411,0.001189,1,0.000411,0.001189,0.89428,0.44751,0.000918,1,0.00041,0.001026,0.89428,0.44751,0.000918,1,0.000421,0.001026,1,0.00041,0.001026,1,0.00041,0.001026,1,0.000421,0.001026,1,0.000413,0.001026,1,0.000421,0.001026,1,0.00042,0.001026,1,0.000413,0.001026,1,0.000408,0.001025,1,0.000413,0.001026,1,0.000411,0.001027,1,0.000413,0.001026,1,0.00042,0.001026,1,0.000411,0.001027,1,0.00042,0.001026,1,0.000413,0.001271,1,0.000411,0.001027,1,0.000411,0.001027,1,0.000413,0.001271,0.9488,-0.31588,0.001128,0.9488,-0.31588,0.001128,1,0.000413,0.001271,1,0.000411,0.001189,1,0.000413,0.001271,0.89428,0.44751,0.000918,1,0.000411,0.001189,0.000412,-1,1e-06,0.000412,-1,0,0.000412,-1,0,0.000412,-1,0,0.000412,-1,0,0.000412,-1,0,-1,-0.000414,-0.001027,-1,-0.000407,-0.001025,-1,-0.000414,-0.001026,-1,-0.000407,-0.001025,-1,-0.000414,-0.001025,-1,-0.000414,-0.001026,-1,-0.000414,-0.001027,-1,-0.000411,-0.001026,-1,-0.000407,-0.001025,-1,-0.000407,-0.001025,-1,-0.000411,-0.001026,-1,-0.000411,-0.001027,-1,-0.000414,-0.001026,-1,-0.000414,-0.001025,-1,-0.000415,-0.001026,-1,-0.000414,-0.001025,-0.97024,0.24216,-0.001036,-1,-0.000415,-0.001026,-1,-0.000415,-0.001026,-1,-0.000413,-0.001027,-1,-0.000411,-0.001026,-1,-0.000413,-0.001027,-1,-0.000408,-0.001025,-1,-0.000411,-0.001026,-1,-0.000413,-0.001027,-1,-0.000415,-0.001026,-0.9488,0.31587,-0.001025,-1,-0.000415,-0.001026,-0.97024,0.24216,-0.001036,-0.9488,0.31587,-0.001025,-1,-0.000412,-0.001027,-0.97024,0.24216,-0.001036,-1,-0.000415,-0.001027,-0.97024,0.24216,-0.001036,-1,-0.000411,-0.001027,-1,-0.000415,-0.001027,-1,-0.000411,-0.001027,-1,-0.000411,-0.001026,-1,-0.000415,-0.001027,-1,-0.000415,-0.001027,-1,-0.000411,-0.001026,-1,-0.000411,-0.001028,-1,-0.000408,-0.001025,-1,-0.000411,-0.001028,-1,-0.000411,-0.001026,-1,-0.000411,-0.001026,-1,-0.000411,-0.001028,-1,-0.000411,-0.001028,-1,-0.000411,-0.001028,-1,-0.000411,-0.001028,-0.89457,