{

    "metadata" :
    {
        "formatVersion" : 3.1,
        "sourceFile"    : "ramp.obj",
        "generatedBy"   : "OBJConverter",
        "vertices"      : 6,
        "faces"         : 5,
        "normals"       : 18,
        "colors"        : 0,
        "uvs"           : 18,
        "materials"     : 2
    },

    "scale" : 1.000000,

    "materials": [	{
	"DbgColor" : 15658734,
	"DbgIndex" : 0,
	"DbgName" : "initialShadingGroup",
	"colorAmbient" : [0.5, 0.5, 0.5],
	"colorDiffuse" : [0.5, 0.5, 0.5],
	"illumination" : 4,
	"mapDiffuse" : "ramp.jpg",
	"opticalDensity" : 1.0
	},

	{
	"DbgColor" : 15597568,
	"DbgIndex" : 1,
	"DbgName" : "lambert2SG"
	}],

    "vertices": [-3.557932,-0.511459,2.602480,3.557932,-0.514628,2.602480,-3.557932,0.514628,-2.602480,3.557932,0.514628,-2.602480,-3.557932,-0.514285,-2.602480,3.557932,-0.514285,-2.602480],

    "morphTargets": [],

    "morphColors": [],

    "normals": [0.000218,0.98106,0.1937,0.000218,0.98106,0.1937,0.000218,0.98106,0.1937,0.000218,0.98106,0.1937,0,0,-1,0,0,-1,0,0,-1,0,0,-1,-0.000223,-1,0.000239,-0.000223,-1,0.000239,-0.000223,-1,0.000239,-0.000223,-1,0.000239,1,0,0,1,0,0,1,0,0,-1,0,0,-1,0,0,-1,0,0],

    "colors": [],

    "uvs": [[0.001884,0.57506,0.001884,0.001992,0.42106,0.001992,0.42106,0.57506,0.42786,0.57506,0.42786,0.001992,0.51072,0.001992,0.51072,0.57506,0.51818,0.57506,0.51818,0.001992,0.93735,0.001992,0.93735,0.57506,0.86098,0.99801,0.86101,0.57883,0.94387,0.57883,0.77232,0.99801,0.77255,0.57883,0.85518,0.99801]],

    "faces": [43,0,1,3,2,0,0,1,2,3,0,1,2,3,43,2,3,5,4,0,4,5,6,7,4,5,6,7,43,4,5,1,0,1,8,9,10,11,8,9,10,11,42,1,5,3,0,12,13,14,12,13,14,42,4,0,2,0,15,16,17,15,16,17]

}
