{

    "metadata" :
    {
        "formatVersion" : 3.1,
        "sourceFile"    : "bookcase.obj",
        "generatedBy"   : "OBJConverter",
        "vertices"      : 48,
        "faces"         : 36,
        "normals"       : 144,
        "colors"        : 0,
        "uvs"           : 84,
        "materials"     : 1
    },

    "scale" : 1.000000,

    "materials": [	{
	"DbgColor" : 15658734,
	"DbgIndex" : 0,
	"DbgName" : "initialShadingGroup",
	"colorAmbient" : [0.5, 0.5, 0.5],
	"colorDiffuse" : [0.5, 0.5, 0.5],
	"illumination" : 4,
	"mapDiffuse" : "Wood.jpg",
	"opticalDensity" : 1.0
	}],

    "vertices": [-2.500000,0.000000,1.000000,2.500000,0.000000,1.000000,-2.500000,0.500000,1.000000,2.500000,0.500000,1.000000,-2.500000,0.500000,-1.000000,2.500000,0.500000,-1.000000,-2.500000,0.000000,-1.000000,2.500000,0.000000,-1.000000,-2.500000,2.250000,1.000000,2.500000,2.250000,1.000000,-2.500000,2.750000,1.000000,2.500000,2.750000,1.000000,-2.500000,2.750000,-1.000000,2.500000,2.750000,-1.000000,-2.500000,2.250000,-1.000000,2.500000,2.250000,-1.000000,-2.500000,4.750000,1.000000,2.500000,4.750000,1.000000,-2.500000,5.250000,1.000000,2.500000,5.250000,1.000000,-2.500000,5.250000,-1.000000,2.500000,5.250000,-1.000000,-2.500000,4.750000,-1.000000,2.500000,4.750000,-1.000000,-2.500000,7.250000,1.000000,2.500000,7.250000,1.000000,-2.500000,7.750000,1.000000,2.500000,7.750000,1.000000,-2.500000,7.750000,-1.000000,2.500000,7.750000,-1.000000,-2.500000,7.250000,-1.000000,2.500000,7.250000,-1.000000,2.450000,0.000000,1.000000,2.950000,0.000000,1.000000,2.450000,8.000000,1.000000,2.950000,8.000000,1.000000,2.450000,8.000000,-1.000000,2.950000,8.000000,-1.000000,2.450000,0.000000,-1.000000,2.950000,0.000000,-1.000000,-2.950000,0.000000,1.000000,-2.450000,0.000000,1.000000,-2.950000,8.000000,1.000000,-2.450000,8.000000,1.000000,-2.950000,8.000000,-1.000000,-2.450000,8.000000,-1.000000,-2.950000,0.000000,-1.000000,-2.450000,0.000000,-1.000000],

    "morphTargets": [],

    "morphColors": [],

    "normals": [0,0,1,0,0,1,0,0,1,0,0,1,0,1,0,0,1,0,0,1,0,0,1,0,0,0,-1,0,0,-1,0,0,-1,0,0,-1,0,-1,0,0,-1,0,0,-1,0,0,-1,0,1,0,0,1,0,0,1,0,0,1,0,0,-1,0,0,-1,0,0,-1,0,0,-1,0,0,0,0,1,0,0,1,0,0,1,0,0,1,0,1,0,0,1,0,0,1,0,0,1,0,0,0,-1,0,0,-1,0,0,-1,0,0,-1,0,-1,0,0,-1,0,0,-1,0,0,-1,0,1,0,0,1,0,0,1,0,0,1,0,0,-1,0,0,-1,0,0,-1,0,0,-1,0,0,0,0,1,0,0,1,0,0,1,0,0,1,0,1,0,0,1,0,0,1,0,0,1,0,0,0,-1,0,0,-1,0,0,-1,0,0,-1,0,-1,0,0,-1,0,0,-1,0,0,-1,0,1,0,0,1,0,0,1,0,0,1,0,0,-1,0,0,-1,0,0,-1,0,0,-1,0,0,0,0,1,0,0,1,0,0,1,0,0,1,0,1,0,0,1,0,0,1,0,0,1,0,0,0,-1,0,0,-1,0,0,-1,0,0,-1,0,-1,0,0,-1,0,0,-1,0,0,-1,0,1,0,0,1,0,0,1,0,0,1,0,0,-1,0,0,-1,0,0,-1,0,0,-1,0,0,0,0,1,0,0,1,0,0,1,0,0,1,0,1,0,0,1,0,0,1,0,0,1,0,0,0,-1,0,0,-1,0,0,-1,0,0,-1,0,-1,0,0,-1,0,0,-1,0,0,-1,0,1,0,0,1,0,0,1,0,0,1,0,0,-1,0,0,-1,0,0,-1,0,0,-1,0,0,0,0,1,0,0,1,0,0,1,0,0,1,0,1,0,0,1,0,0,1,0,0,1,0,0,0,-1,0,0,-1,0,0,-1,0,0,-1,0,-1,0,0,-1,0,0,-1,0,0,-1,0,1,0,0,1,0,0,1,0,0,1,0,0,-1,0,0,-1,0,0,-1,0,0,-1,0,0],

    "colors": [],

    "uvs": [[0.375,0,0.625,0,0.375,0.25,0.625,0.25,0.375,0.5,0.625,0.5,0.375,0.75,0.625,0.75,0.375,1,0.625,1,0.875,0,0.875,0.25,0.125,0,0.125,0.25,0.375,0,0.625,0,0.625,0.25,0.375,0.25,0.625,0.5,0.375,0.5,0.625,0.75,0.375,0.75,0.625,1,0.375,1,0.875,0,0.875,0.25,0.125,0,0.125,0.25,0.375,0,0.625,0,0.625,0.25,0.375,0.25,0.625,0.5,0.375,0.5,0.625,0.75,0.375,0.75,0.625,1,0.375,1,0.875,0,0.875,0.25,0.125,0,0.125,0.25,0.375,0,0.625,0,0.625,0.25,0.375,0.25,0.625,0.5,0.375,0.5,0.625,0.75,0.375,0.75,0.625,1,0.375,1,0.875,0,0.875,0.25,0.125,0,0.125,0.25,0.375,0,0.625,0,0.625,0.25,0.375,0.25,0.625,0.5,0.375,0.5,0.625,0.75,0.375,0.75,0.625,1,0.375,1,0.875,0,0.875,0.25,0.125,0,0.125,0.25,0.375,0,0.625,0,0.625,0.25,0.375,0.25,0.625,0.5,0.375,0.5,0.625,0.75,0.375,0.75,0.625,1,0.375,1,0.875,0,0.875,0.25,0.125,0,0.125,0.25]],

    "faces": [43,0,1,3,2,0,0,1,3,2,0,1,2,3,43,2,3,5,4,0,2,3,5,4,4,5,6,7,43,4,5,7,6,0,4,5,7,6,8,9,10,11,43,6,7,1,0,0,6,7,9,8,12,13,14,15,43,1,7,5,3,0,1,10,11,3,16,17,18,19,43,6,0,2,4,0,12,0,2,13,20,21,22,23,43,8,9,11,10,0,14,15,16,17,24,25,26,27,43,10,11,13,12,0,17,16,18,19,28,29,30,31,43,12,13,15,14,0,19,18,20,21,32,33,34,35,43,14,15,9,8,0,21,20,22,23,36,37,38,39,43,9,15,13,11,0,15,24,25,16,40,41,42,43,43,14,8,10,12,0,26,14,17,27,44,45,46,47,43,16,17,19,18,0,28,29,30,31,48,49,50,51,43,18,19,21,20,0,31,30,32,33,52,53,54,55,43,20,21,23,22,0,33,32,34,35,56,57,58,59,43,22,23,17,16,0,35,34,36,37,60,61,62,63,43,17,23,21,19,0,29,38,39,30,64,65,66,67,43,22,16,18,20,0,40,28,31,41,68,69,70,71,43,24,25,27,26,0,42,43,44,45,72,73,74,75,43,26,27,29,28,0,45,44,46,47,76,77,78,79,43,28,29,31,30,0,47,46,48,49,80,81,82,83,43,30,31,25,24,0,49,48,50,51,84,85,86,87,43,25,31,29,27,0,43,52,53,44,88,89,90,91,43,30,24,26,28,0,54,42,45,55,92,93,94,95,43,32,33,35,34,0,56,57,58,59,96,97,98,99,43,34,35,37,36,0,59,58,60,61,100,101,102,103,43,36,37,39,38,0,61,60,62,63,104,105,106,107,43,38,39,33,32,0,63,62,64,65,108,109,110,111,43,33,39,37,35,0,57,66,67,58,112,113,114,115,43,38,32,34,36,0,68,56,59,69,116,117,118,119,43,40,41,43,42,0,70,71,72,73,120,121,122,123,43,42,43,45,44,0,73,72,74,75,124,125,126,127,43,44,45,47,46,0,75,74,76,77,128,129,130,131,43,46,47,41,40,0,77,76,78,79,132,133,134,135,43,41,47,45,43,0,71,80,81,72,136,137,138,139,43,46,40,42,44,0,82,70,73,83,140,141,142,143]

}
