{

    "metadata" :
    {
        "formatVersion" : 3.1,
        "sourceFile"    : "table.obj",
        "generatedBy"   : "OBJConverter",
        "vertices"      : 40,
        "faces"         : 60,
        "normals"       : 120,
        "colors"        : 0,
        "uvs"           : 70,
        "materials"     : 1
    },

    "scale" : 1.000000,

    "materials": [	{
	"DbgColor" : 15658734,
	"DbgIndex" : 0,
	"DbgName" : "table_chairs:lambert3SG",
	"colorAmbient" : [0.5, 0.5, 0.5],
	"colorDiffuse" : [0.5, 0.5, 0.5],
	"illumination" : 4,
	"mapBump" : "Wood.jpg",
	"mapDiffuse" : "Wood.jpg",
	"opticalDensity" : 1.0
	}],

    "vertices": [-3.926516,4.166716,3.588759,4.092080,4.166716,3.588759,-3.926516,4.496553,3.588759,4.092080,4.496553,3.588759,-3.926516,4.496553,-3.265752,4.092080,4.496553,-3.265752,-3.926516,4.166716,-3.265752,4.092080,4.166716,-3.265752,-2.889869,0.032813,-2.185557,-2.391279,0.032813,-2.185557,-2.889869,4.208793,-2.185557,-2.391279,4.208793,-2.185557,-2.889869,4.208793,-2.684146,-2.391279,4.208793,-2.684146,-2.889869,0.032813,-2.684146,-2.391279,0.032813,-2.684146,-2.889869,0.032813,2.985372,-2.391279,0.032813,2.985372,-2.889869,4.208793,2.985372,-2.391279,4.208793,2.985372,-2.889869,4.208793,2.486783,-2.391279,4.208793,2.486783,-2.889869,0.032813,2.486783,-2.391279,0.032813,2.486783,2.596114,0.032813,2.985372,3.094703,0.032813,2.985372,2.596114,4.208793,2.985372,3.094703,4.208793,2.985372,2.596114,4.208793,2.486783,3.094703,4.208793,2.486783,2.596114,0.032813,2.486783,3.094703,0.032813,2.486783,2.596114,0.032813,-2.185557,3.094703,0.032813,-2.185557,2.596114,4.208793,-2.185557,3.094703,4.208793,-2.185557,2.596114,4.208793,-2.684146,3.094703,4.208793,-2.684146,2.596114,0.032813,-2.684146,3.094703,0.032813,-2.684146],

    "morphTargets": [],

    "morphColors": [],

    "normals": [0,0,1,0,0,1,0,0,1,0,0,1,0,1,0,0,1,0,0,1,0,0,1,0,0,0,-1,0,0,-1,0,0,-1,0,0,-1,0,-1,0,0,-1,0,0,-1,0,0,-1,0,1,0,0,1,0,0,1,0,0,1,0,0,-1,0,0,-1,0,0,-1,0,0,-1,0,0,0,0,1,0,0,1,0,0,1,0,0,1,0,1,0,0,1,0,0,1,0,0,1,0,0,0,-1,0,0,-1,0,0,-1,0,0,-1,0,-1,0,0,-1,0,0,-1,0,0,-1,0,1,0,0,1,0,0,1,0,0,1,0,0,-1,0,0,-1,0,0,-1,0,0,-1,0,0,0,0,1,0,0,1,0,0,1,0,0,1,0,1,0,0,1,0,0,1,0,0,1,0,0,0,-1,0,0,-1,0,0,-1,0,0,-1,0,-1,0,0,-1,0,0,-1,0,0,-1,0,1,0,0,1,0,0,1,0,0,1,0,0,-1,0,0,-1,0,0,-1,0,0,-1,0,0,0,0,1,0,0,1,0,0,1,0,0,1,0,1,0,0,1,0,0,1,0,0,1,0,0,0,-1,0,0,-1,0,0,-1,0,0,-1,0,-1,0,0,-1,0,0,-1,0,0,-1,0,1,0,0,1,0,0,1,0,0,1,0,0,-1,0,0,-1,0,0,-1,0,0,-1,0,0,0,0,1,0,0,1,0,0,1,0,0,1,0,1,0,0,1,0,0,1,0,0,1,0,0,0,-1,0,0,-1,0,0,-1,0,0,-1,0,-1,0,0,-1,0,0,-1,0,0,-1,0,1,0,0,1,0,0,1,0,0,1,0,0,-1,0,0,-1,0,0,-1,0,0,-1,0,0],

    "colors": [],

    "uvs": [[0.375,0,0.625,0,0.375,0.25,0.625,0.25,0.375,0.5,0.625,0.5,0.375,0.75,0.625,0.75,0.375,1,0.625,1,0.875,0,0.875,0.25,0.125,0,0.125,0.25,0.375,0,0.625,0,0.375,0.25,0.625,0.25,0.375,0.5,0.625,0.5,0.375,0.75,0.625,0.75,0.375,1,0.625,1,0.875,0,0.875,0.25,0.125,0,0.125,0.25,0.375,0,0.625,0,0.375,0.25,0.625,0.25,0.375,0.5,0.625,0.5,0.375,0.75,0.625,0.75,0.375,1,0.625,1,0.875,0,0.875,0.25,0.125,0,0.125,0.25,0.375,0,0.625,0,0.375,0.25,0.625,0.25,0.375,0.5,0.625,0.5,0.375,0.75,0.625,0.75,0.375,1,0.625,1,0.875,0,0.875,0.25,0.125,0,0.125,0.25,0.375,0,0.625,0,0.375,0.25,0.625,0.25,0.375,0.5,0.625,0.5,0.375,0.75,0.625,0.75,0.375,1,0.625,1,0.875,0,0.875,0.25,0.125,0,0.125,0.25]],

    "faces": [42,0,1,2,0,0,1,2,0,1,2,42,2,1,3,0,2,1,3,2,1,3,42,2,3,4,0,2,3,4,4,5,6,42,4,3,5,0,4,3,5,6,5,7,42,4,5,6,0,4,5,6,8,9,10,42,6,5,7,0,6,5,7,10,9,11,42,6,7,0,0,6,7,8,12,13,14,42,0,7,1,0,8,7,9,14,13,15,42,1,7,3,0,1,10,3,16,17,18,42,3,7,5,0,3,10,11,18,17,19,42,6,0,4,0,12,0,13,20,21,22,42,4,0,2,0,13,0,2,22,21,23,42,8,9,10,0,14,15,16,24,25,26,42,10,9,11,0,16,15,17,26,25,27,42,10,11,12,0,16,17,18,28,29,30,42,12,11,13,0,18,17,19,30,29,31,42,12,13,14,0,18,19,20,32,33,34,42,14,13,15,0,20,19,21,34,33,35,42,14,15,8,0,20,21,22,36,37,38,42,8,15,9,0,22,21,23,38,37,39,42,9,15,11,0,15,24,17,40,41,42,42,11,15,13,0,17,24,25,42,41,43,42,14,8,12,0,26,14,27,44,45,46,42,12,8,10,0,27,14,16,46,45,47,42,16,17,18,0,28,29,30,48,49,50,42,18,17,19,0,30,29,31,50,49,51,42,18,19,20,0,30,31,32,52,53,54,42,20,19,21,0,32,31,33,54,53,55,42,20,21,22,0,32,33,34,56,57,58,42,22,21,23,0,34,33,35,58,57,59,42,22,23,16,0,34,35,36,60,61,62,42,16,23,17,0,36,35,37,62,61,63,42,17,23,19,0,29,38,31,64,65,66,42,19,23,21,0,31,38,39,66,65,67,42,22,16,20,0,40,28,41,68,69,70,42,20,16,18,0,41,28,30,70,69,71,42,24,25,26,0,42,43,44,72,73,74,42,26,25,27,0,44,43,45,74,73,75,42,26,27,28,0,44,45,46,76,77,78,42,28,27,29,0,46,45,47,78,77,79,42,28,29,30,0,46,47,48,80,81,82,42,30,29,31,0,48,47,49,82,81,83,42,30,31,24,0,48,49,50,84,85,86,42,24,31,25,0,50,49,51,86,85,87,42,25,31,27,0,43,52,45,88,89,90,42,27,31,29,0,45,52,53,90,89,91,42,30,24,28,0,54,42,55,92,93,94,42,28,24,26,0,55,42,44,94,93,95,42,32,33,34,0,56,57,58,96,97,98,42,34,33,35,0,58,57,59,98,97,99,42,34,35,36,0,58,59,60,100,101,102,42,36,35,37,0,60,59,61,102,101,103,42,36,37,38,0,60,61,62,104,105,106,42,38,37,39,0,62,61,63,106,105,107,42,38,39,32,0,62,63,64,108,109,110,42,32,39,33,0,64,63,65,110,109,111,42,33,39,35,0,57,66,59,112,113,114,42,35,39,37,0,59,66,67,114,113,115,42,38,32,36,0,68,56,69,116,117,118,42,36,32,34,0,69,56,58,118,117,119]

}
